<?xml version="1.0" encoding="UTF-8"?>
<beans xmlns="http://www.springframework.org/schema/beans"
       xmlns:mvc="http://www.springframework.org/schema/mvc"
       xmlns:context="http://www.springframework.org/schema/context"
       xmlns:tx="http://www.springframework.org/schema/tx"
       xmlns:xsi="http://www.w3.org/2001/XMLSchema-instance"
       xsi:schemaLocation="
           http://www.springframework.org/schema/beans 
           https://www.springframework.org/schema/beans/spring-beans.xsd
           http://www.springframework.org/schema/context 
           https://www.springframework.org/schema/context/spring-context.xsd
           http://www.springframework.org/schema/mvc 
           https://www.springframework.org/schema/mvc/spring-mvc.xsd
           http://www.springframework.org/schema/tx 
           https://www.springframework.org/schema/tx/spring-tx.xsd">

    <!-- Scan all packages -->
    <context:component-scan base-package="productApp"/>

    <!-- Enable MVC annotations -->
    <mvc:annotation-driven/>

    <!-- View Resolver -->
    <bean class="org.springframework.web.servlet.view.InternalResourceViewResolver">
        <property name="prefix" value="/WEB-INF/views/" />
        <property name="suffix" value=".jsp" />
    </bean>

    <!-- DataSource -->
    <bean id="dataSource" class="org.springframework.jdbc.datasource.DriverManagerDataSource">
        <property name="driverClassName" value="com.mysql.cj.jdbc.Driver"/>
        <property name="url" value="jdbc:mysql://localhost:3306/productdb"/>
        <property name="username" value="root"/>
        <property name="password" value="root"/>
    </bean>
		
	<bean class="org.springframework.web.servlet.mvc.method.annotation.RequestMappingHandlerAdapter">
		 <property name="messageConverters">
		        <list>
		            <bean class="org.springframework.http.converter.json.MappingJackson2HttpMessageConverter"/>
		        </list>
		 </property>
	</bean>
		
    <!-- JPA EntityManagerFactory -->
    <bean id="entityManagerFactory" class="org.springframework.orm.jpa.LocalContainerEntityManagerFactoryBean">
        <property name="dataSource" ref="dataSource"/>
        <property name="packagesToScan" value="productApp.model"/>
        <property name="jpaVendorAdapter">
            <bean class="org.springframework.orm.jpa.vendor.HibernateJpaVendorAdapter"/>
        </property>
        <property name="jpaProperties">
            <props>
                <prop key="hibernate.dialect">org.hibernate.dialect.MySQL8Dialect</prop>
                <prop key="hibernate.hbm2ddl.auto">update</prop>
                <prop key="hibernate.show_sql">true</prop>
            </props>
        </property>
    </bean>

    <!-- Transaction Manager -->
    <bean id="transactionManager" class="org.springframework.orm.jpa.JpaTransactionManager">
        <property name="entityManagerFactory" ref="entityManagerFactory"/>
    </bean>

    <!-- Enable @Transactional -->
    <tx:annotation-driven transaction-manager="transactionManager"/>

</beans>
